feature_0,target
-1.8619757107917871,-2.1964623092793225
0.8073081862107286,-52.10047140439276
-0.110850721053007,-249.81924355945154
-0.4725305920249986,-88.04278131393988
-0.19911238275725224,-14.25694802088023
-0.6595600882722962,1.2684079385853237
-0.07052341796234977,-52.131946483630166
-0.23856501820360618,-40.7633262684365
0.2786835167270544,-69.8170965212755
1.158068874439853,-11.513231933362372
1.651436537097151,-113.42900894780047
0.6656534379123312,10.806076515611084
-1.3992338686095869,-14.90784585740539
0.06580628246283132,22.367156602429393
-0.9719368370854505,78.68741469598564
-0.5835367167076569,-12.706253769191626
-0.9310020038747236,-14.394185839377956
0.9743862033444941,16.210035560296507
0.08259541953627011,-106.51838147786914
-0.4075125923914689,-14.718758042247899
0.1682343424234322,-156.8104935262219
0.24996993945553106,26.028292953234676
-1.977887931520449,-28.297001487482493
0.7740000020757852,11.16996278442873
-0.025060144581597745,-47.89918367718179
1.448903611625761,81.08948524462969
0.2652339583982989,84.11412426200955
-0.2702323920091581,58.29898275022986
0.4138630815357569,153.64680564878702
0.13997810611456363,-47.79780542346252
-0.48236531510849157,-91.77681478011307
0.7373685758962422,80.8106257945042
1.3953529297569547,6.550878909957883
-0.8817485267318087,2.1178217695014134
-0.6658569670193876,76.0683844081794
-0.9065895221643572,47.118745992712405
0.5012489895674,94.79089204026351
-0.008660466741585568,-39.61584751023065
0.4818742570187152,23.22716458497059
0.36005072808083666,53.2721256009324
0.11529872221079104,-7.212496824120686
-0.035605484609829575,-79.70241724429098
-0.8664952037596095,95.43018175400772
-0.28424709842062984,-39.64293616463813
-0.6798278923997878,-100.77769979221551
0.06878833252597749,61.38406704746601
0.37152468179976716,59.40240462299947
0.05868743844990988,13.367454254451252
0.03240725440387064,-45.01505458394918
-1.807621277242572,-37.29952854609929
-0.9484986261940765,73.27406088394211
1.374990631494199,-79.54370180583938
-1.1165648342354797,56.265458165021556
1.3306307763606484,5.789758835258459
0.10406073501027997,-51.92926712870071
1.3166055958635523,48.27885173562302
0.10356803732332855,-24.961807464555136
-0.8311549842432792,13.461181161327515
0.14330773250787276,117.76955499158947
-2.424836325455249,-31.679048050896093
0.4743472978718003,63.36749733433909
-1.4072685633957671,-92.52879810256697
-1.201936680866974,-40.8108298991585
-0.15420531148588265,-4.063026408690395
1.1015259861531725,-54.7053294676045
-0.12116680328820885,-41.19731157200502
0.18103512959700385,86.95354431410115
-1.7554018445508066,42.445289986176185
-0.9902746893194819,96.1027753239059
-0.08652228638213519,-2.526667389476445
0.4951808887859862,-100.98264611064955
1.2533359468559955,-51.3196525306719
1.428663834439299,-86.46532896926055
3.571579218026311,36.85666621303572
-0.957581838756634,-90.05950839039811
-0.34825811883938024,12.81735244531805
-0.1795885009791027,119.64584616176468
0.7033101178067301,-29.298297791990862
0.8171882801174077,41.10395193073988
0.38506610277727105,-14.806972059622755
0.4129121603087788,2.014718707854237
0.8909167504786911,68.1554944823224
0.6736489338137502,73.54762202937737
-0.6920526017208553,-42.70739287041283
-0.32385978378534624,-80.25190937393131
0.8197606096101892,30.72031822855362
-1.100043112620697,-42.07447834905137
-0.026922590568272415,40.09125117730856
-0.02462598143147908,54.414982889060006
0.16444123022982496,-93.23605811484406
-2.443075785879315,-7.459154480932431
-0.6591513106966479,60.73020822007231
-0.9850235826980721,131.9663016454269
-0.12368873285569922,-211.26779028117042
0.6319482840093328,11.26455781278061
-0.16842643163047274,-21.934531111356023
1.8615641238318181,-41.76541710656767
0.15491185973371044,-46.81936564328907
1.3772574828673068,39.829457632575355
-1.605180795787059,-20.53316020477968
0.15160759364714313,-84.74034294257024
-0.8776135866276552,52.86269349463586
-0.010032652757383347,-82.52459962227007
-0.5519368756960736,-0.5770229120770305
-1.3709484700946077,80.320064803454
0.8877660685734637,-34.74126555248571
-1.1063859059654368,37.90319890487181
1.5880678855942618,71.91766366826832
0.7898280347342986,27.836318975984522
-1.0747665931188752,-99.47014201727109
-1.3744968791031125,-66.67224864282834
-0.7920919505289836,74.65855854364753
-0.9297116344424167,80.32672168222196
-0.09470896893689112,-64.29498551742779
1.0324797157533776,25.566439803781687
0.17975156577131524,8.141035712829968
0.4657700660382165,53.52544047544811
0.04700244536864444,-10.188889296271363
-0.09416555192061088,-14.950669312987221
-0.3548244580948187,-44.14317039310682
1.0891653824583838,-89.1567943573199
0.4491356133597172,-27.905556172667872
-0.027458376689570886,-122.92454194181529
0.4562708952022307,44.051216106641576
-1.1843273385116637,-53.37883414400121
-0.23441491191787137,71.0035873549756
-0.06079410601164124,84.83608468155526
0.8350587468112366,25.5296995032807
-0.630618391430576,9.186218703445913
0.16171030941759576,-147.05152304992876
-1.1316409267511525,32.9591695896258
-1.8951755930793188,71.92964673686336
-0.5187038515389994,-9.921647908532998
0.3045151754260446,-130.17237162184543
0.6359427056445893,75.7578307456532
-1.2940853231612488,76.22857299429849
-0.8176682995787476,-4.292554109307816
-0.5889705464706788,16.60220908200057
1.9845823984585664,96.95782272624298
0.07290724327605223,-7.012744695372254
0.7426862211616183,-50.91182047775765
-0.6885485324635544,-104.33312135663587
0.6800715328674297,-9.25208782036415
-0.12602958531301514,78.95427459588859
-1.3746879710222193,-107.67530304224917
-2.5570546040678583,-28.252038854740942
1.1704542973614533,135.92779510198886
-0.15832713704922016,-44.410395547094126
1.2568208318483642,69.16381585326583
0.956601931056012,-18.49217962603663
0.7609493931283295,-55.67011183440369
-0.02996800704754226,30.600481037185798
-1.0489916773184873,5.869197210253724
-0.44398195964606546,113.8293951771615
1.5238520171998033,85.91711124288699
-1.0950264574269175,-65.37591545743878
-0.28262838440702354,-2.941442076765977
0.8907063912931706,3.3514361160261608
-0.3189569890995958,-79.22321485505707
-0.09565274449329955,68.26335480618421
0.12074736309713872,-20.055980913559516
-0.77258373237244,-26.487244111346147
1.0458573280333687,-29.874037204221896
-0.6696471476435246,-9.708313029631698
-0.7451472218585933,-82.00976370788369
0.9295844699427113,7.6794448306508905
-2.025045762997471,-27.419725201288315
0.5335108183398289,47.9631346787502
0.05022192476406932,-34.266633358382144
0.3426379813692278,-54.33043222718939
0.03816631200200775,98.52337370203674
-0.4971601466888655,57.25742816315384
1.2659362587055338,-188.47667427620573
-1.4819584561028547,129.96699779989768
0.3073842186274145,28.733292553639792
-0.8828289877220372,-79.04809724388892
-0.14840538755987095,128.1752130131044
-0.3077743221445603,39.56299539701698
-0.09868469680951324,68.82127564848557
-0.4477714253522432,-121.91509981080075
-1.166471320616305,81.75331454464711
1.8059701099324745,22.8963931553145
-1.273570236812244,-106.42915007954674
0.7718466355607634,66.0212620321341
-0.9725563235674655,-57.62994931866769
1.1758290447821034,114.50034626019354
-0.40215973507251773,-87.47820466438046
0.006029327171035006,18.865369862169523
-1.4155187704342762,75.67153170748597
1.648817861485808,-13.734262115658133
0.36120305977167483,-57.86357391427538
1.8758005467136352,-148.92116436826942
1.5025809058094348,93.61412223257338
-1.2000432779850234,12.364728846715298
-1.4118888760712274,17.909857837618237
-0.6947982151055024,56.59916297121338
0.8814169197592583,-15.300632648009293
1.8483799508834453,-92.07835744977477
-0.8795363430090519,2.3923775811571675
-0.2510374552120426,127.78912405806021
-0.5299140986336766,17.73452769566381
-0.2649864518459969,-120.90099729700532
-1.2122689628960637,88.87359045626556
1.0311144589217425,92.08390672779687
-0.9200931084896136,63.60331185786118
-0.3549088317400849,-118.24301071863314
-0.3461671480021981,24.39716382465741
-2.631438036808334,-75.9728965546521
0.8072365345785665,-98.4841561338116
1.6065968052348043,4.8272958997721584
-0.7542021627241915,-7.549725580410319
-0.42767959812380446,28.870949992399073
1.0744651405355077,-8.893393944509006
0.7285354008351337,78.78742699521597
0.29655656728653923,55.93504296185213
0.9830333962592408,-143.39995235102774
0.27273473716279456,30.381364243755947
-0.23235739649273984,-40.1885713655671
-1.1283305481817938,158.4279546976443
0.37940061207813613,-82.13073844894333
1.9867630371691618,-52.4246689302549
1.520166442206532,13.450078361131757
-0.2748775465659346,45.49473254890708
-0.8203755201347369,-18.412825409847674
-1.660475070762957,53.55921570500552
0.9938067071364098,115.03857472856471
1.0693926697057368,134.8886833453528
1.9298324339990223,-27.528079176257027
-0.726114027517346,20.280923132715365
0.11045310929056538,-43.59548722504663
-1.620751980319857,26.600283920791348
0.4195676758953945,134.83104313786336
-1.8306663621778048,-99.24352192443123
-1.3071781883042857,55.414891974902964
1.2552373747242185,-64.63220812294354
0.31427199450686705,-57.35413384293536
0.19701893254347608,16.739524098686253
-1.2568338125336815,85.97155424452787
-1.6393969675407762,90.66187340553567
0.3327649772541171,11.031896212036578
2.332061996209657,-171.81368255973058
0.0585377546950242,-71.3249557423736
-0.7980627352410625,-80.80381181022885
-1.6004405330562719,-94.44379749077041
1.4083691460769014,-91.08521533943355
-0.8234314059856659,114.12440080970065
0.9736443797991589,8.840463107543213
0.6882969302220884,-42.50323988763698
-2.0523984049766058,-51.34501361258599
0.28297849805199204,-83.63617745297569
-2.7944722983075785,-117.78694622969707
-1.198301144700787,5.0112942106225455
1.9308508670483018,31.750328945184553
0.4201795969883613,20.487883186239355
1.612193042812388,-108.86833955711685
-0.7598350885926629,-17.4310638635329
0.5685042066678756,-29.148879644937104
0.8059821116221542,82.51416658075671
-0.4230277451533124,63.185922042119955
-1.1584159108657917,-54.18318352629402
-1.7276694941206072,19.76758874361418
2.2506760310308676,83.02624577004093
-0.19396387055266243,-10.829149537879871
1.6291212053324975,44.92994711700036
0.30378793078619,10.464205511225995
0.3385890509998015,-31.664528816914014
-1.465116222054951,48.326106504446386
0.5777939542243806,-40.205538022505024
-1.4029890877228395,9.557962863100647
-1.0502189902580903,-65.44377095014413
-1.771533104509847,-17.524779034422103
2.1867860889737862,-33.39332822549733
0.09592041239523992,81.72661212191991
-0.8532015157805608,83.86274542341438
-0.8617548958596855,-110.02958446662234
-0.732461986720457,-22.570789675746497
-0.1736356827902158,-54.73699826202909
-0.4483916384609412,-43.89915880533627
-0.6696185998697584,-47.21619559432754
0.05929113389470675,51.64025832230211
0.9071051958003014,-96.6775164632284
1.4485765853244514,63.899447486638294
-0.5866159508522137,8.391555362297208
-0.4496676016629738,67.9803923055018
-0.7612942447601239,65.81948685878582
-2.1231003500424417,90.88543665723769
0.38287023902686523,-0.39339155302798634
-0.41375688138006245,-29.796346111617957
0.7520336682672812,22.81940102279527
1.5959211716104487,3.1330474228415013
-1.3797249786587495,-104.3353339269656
1.3400987035364347,10.19694776969601
0.16794229540166816,-141.91619923278375
-0.10667449055824228,83.16157921739634
0.300846402206581,-28.762921683617336
2.559850230632471,45.941304410970375
-0.21005641264581787,29.2200712759375
-0.006129961045578953,1.0007181149252673
-0.053609460071342124,8.54573470557766
0.9043062201346425,13.02619184875958
